instance-name,plingo,plog,plog-dco
A4N,1.289989948272705*,4.759180068969727,101.51200103759766
F,0.8680189847946167*,1.1847699880599976,101.06800079345703
F2,1.2548500299453735*,5.079189777374268,37.47869873046875
