{
    "0": {
        "N": 5,
        "p": 50,
        "time": 0.0053272247314453125,
        "file": "N5_p50.lp"
    },
    "1": {
        "N": 5,
        "p": 80,
        "time": 0.004765033721923828,
        "file": "N5_p80.lp"
    },
    "2": {
        "N": 5,
        "p": 90,
        "time": 0.005178928375244141,
        "file": "N5_p90.lp"
    },
    "3": {
        "N": 5,
        "p": 100,
        "time": 0.005057096481323242,
        "file": "N5_p100.lp"
    },
    "4": {
        "N": 10,
        "p": 50,
        "time": 0.010092973709106445,
        "file": "N10_p50_2.lp"
    },
    "5": {
        "N": 10,
        "p": 50,
        "time": 0.009411811828613281,
        "file": "N10_p50_3.lp"
    },
    "6": {
        "N": 10,
        "p": 50,
        "time": 0.010476112365722656,
        "file": "N10_p50.lp"
    },
    "7": {
        "N": 10,
        "p": 50,
        "time": 0.009407997131347656,
        "file": "N10_p50_4.lp"
    },
    "8": {
        "N": 10,
        "p": 50,
        "time": 0.009341001510620117,
        "file": "N10_p50_5.lp"
    },
    "9": {
        "N": 10,
        "p": 80,
        "time": 0.012969970703125,
        "file": "N10_p80_5.lp"
    },
    "10": {
        "N": 10,
        "p": 80,
        "time": 0.012521982192993164,
        "file": "N10_p80_4.lp"
    },
    "11": {
        "N": 10,
        "p": 80,
        "time": 0.01227712631225586,
        "file": "N10_p80_3.lp"
    },
    "12": {
        "N": 10,
        "p": 80,
        "time": 0.012951135635375977,
        "file": "N10_p80_2.lp"
    },
    "13": {
        "N": 10,
        "p": 80,
        "time": 0.012202024459838867,
        "file": "N10_p80.lp"
    },
    "14": {
        "N": 10,
        "p": 90,
        "time": 0.012937068939208984,
        "file": "N10_p90_5.lp"
    },
    "15": {
        "N": 10,
        "p": 90,
        "time": 0.014071226119995117,
        "file": "N10_p90_4.lp"
    },
    "16": {
        "N": 10,
        "p": 90,
        "time": 0.01356196403503418,
        "file": "N10_p90_3.lp"
    },
    "17": {
        "N": 10,
        "p": 90,
        "time": 0.013893842697143555,
        "file": "N10_p90.lp"
    },
    "18": {
        "N": 10,
        "p": 90,
        "time": 0.013745784759521484,
        "file": "N10_p90_2.lp"
    },
    "19": {
        "N": 10,
        "p": 100,
        "time": 0.014633893966674805,
        "file": "N10_p100_5.lp"
    },
    "20": {
        "N": 10,
        "p": 100,
        "time": 0.015855789184570312,
        "file": "N10_p100_4.lp"
    },
    "21": {
        "N": 10,
        "p": 100,
        "time": 0.014137983322143555,
        "file": "N10_p100.lp"
    },
    "22": {
        "N": 10,
        "p": 100,
        "time": 0.014425039291381836,
        "file": "N10_p100_3.lp"
    },
    "23": {
        "N": 10,
        "p": 100,
        "time": 0.014800071716308594,
        "file": "N10_p100_2.lp"
    },
    "24": {
        "N": 20,
        "p": 50,
        "time": 0.03401303291320801,
        "file": "N20_p50_4.lp"
    },
    "25": {
        "N": 20,
        "p": 50,
        "time": 0.028117656707763672,
        "file": "N20_p50_5.lp"
    },
    "26": {
        "N": 20,
        "p": 50,
        "time": 0.031658172607421875,
        "file": "N20_p50.lp"
    },
    "27": {
        "N": 20,
        "p": 50,
        "time": 0.028524160385131836,
        "file": "N20_p50_2.lp"
    },
    "28": {
        "N": 20,
        "p": 50,
        "time": 0.026113033294677734,
        "file": "N20_p50_3.lp"
    },
    "29": {
        "N": 20,
        "p": 80,
        "time": 0.04143404960632324,
        "file": "N20_p80_3.lp"
    },
    "30": {
        "N": 20,
        "p": 80,
        "time": 0.041153907775878906,
        "file": "N20_p80_2.lp"
    },
    "31": {
        "N": 20,
        "p": 80,
        "time": 0.03924989700317383,
        "file": "N20_p80.lp"
    },
    "32": {
        "N": 20,
        "p": 80,
        "time": 0.041258811950683594,
        "file": "N20_p80_5.lp"
    },
    "33": {
        "N": 20,
        "p": 80,
        "time": 0.041545867919921875,
        "file": "N20_p80_4.lp"
    },
    "34": {
        "N": 20,
        "p": 90,
        "time": 0.04613685607910156,
        "file": "N20_p90_3.lp"
    },
    "35": {
        "N": 20,
        "p": 90,
        "time": 0.04559612274169922,
        "file": "N20_p90_2.lp"
    },
    "36": {
        "N": 20,
        "p": 90,
        "time": 0.043055057525634766,
        "file": "N20_p90.lp"
    },
    "37": {
        "N": 20,
        "p": 90,
        "time": 0.0450282096862793,
        "file": "N20_p90_5.lp"
    },
    "38": {
        "N": 20,
        "p": 90,
        "time": 0.043229103088378906,
        "file": "N20_p90_4.lp"
    },
    "39": {
        "N": 20,
        "p": 100,
        "time": 0.04814314842224121,
        "file": "N20_p100.lp"
    },
    "40": {
        "N": 20,
        "p": 100,
        "time": 0.04903864860534668,
        "file": "N20_p100_2.lp"
    },
    "41": {
        "N": 20,
        "p": 100,
        "time": 0.050514936447143555,
        "file": "N20_p100_3.lp"
    },
    "42": {
        "N": 20,
        "p": 100,
        "time": 0.049993038177490234,
        "file": "N20_p100_4.lp"
    },
    "43": {
        "N": 20,
        "p": 100,
        "time": 0.04951190948486328,
        "file": "N20_p100_5.lp"
    },
    "44": {
        "N": 50,
        "p": 50,
        "time": 0.1611771583557129,
        "file": "N50_p50_5.lp"
    },
    "45": {
        "N": 50,
        "p": 50,
        "time": 0.16179490089416504,
        "file": "N50_p50_4.lp"
    },
    "46": {
        "N": 50,
        "p": 50,
        "time": 0.16025114059448242,
        "file": "N50_p50_3.lp"
    },
    "47": {
        "N": 50,
        "p": 50,
        "time": 0.17943310737609863,
        "file": "N50_p50_2.lp"
    },
    "48": {
        "N": 50,
        "p": 50,
        "time": 0.16180872917175293,
        "file": "N50_p50.lp"
    },
    "49": {
        "N": 50,
        "p": 80,
        "time": 0.23404407501220703,
        "file": "N50_p80.lp"
    },
    "50": {
        "N": 50,
        "p": 80,
        "time": 0.23175787925720215,
        "file": "N50_p80_2.lp"
    },
    "51": {
        "N": 50,
        "p": 80,
        "time": 0.2323460578918457,
        "file": "N50_p80_3.lp"
    },
    "52": {
        "N": 50,
        "p": 80,
        "time": 0.23116588592529297,
        "file": "N50_p80_4.lp"
    },
    "53": {
        "N": 50,
        "p": 80,
        "time": 0.23318886756896973,
        "file": "N50_p80_5.lp"
    },
    "54": {
        "N": 50,
        "p": 90,
        "time": 0.25718212127685547,
        "file": "N50_p90.lp"
    },
    "55": {
        "N": 50,
        "p": 90,
        "time": 0.2540910243988037,
        "file": "N50_p90_2.lp"
    },
    "56": {
        "N": 50,
        "p": 90,
        "time": 0.25389623641967773,
        "file": "N50_p90_3.lp"
    },
    "57": {
        "N": 50,
        "p": 90,
        "time": 0.2539680004119873,
        "file": "N50_p90_4.lp"
    },
    "58": {
        "N": 50,
        "p": 90,
        "time": 0.26256299018859863,
        "file": "N50_p90_5.lp"
    },
    "59": {
        "N": 50,
        "p": 100,
        "time": 0.27611279487609863,
        "file": "N50_p100_3.lp"
    },
    "60": {
        "N": 50,
        "p": 100,
        "time": 0.28302597999572754,
        "file": "N50_p100_2.lp"
    },
    "61": {
        "N": 50,
        "p": 100,
        "time": 0.2816789150238037,
        "file": "N50_p100.lp"
    },
    "62": {
        "N": 50,
        "p": 100,
        "time": 0.2820169925689697,
        "file": "N50_p100_5.lp"
    },
    "63": {
        "N": 50,
        "p": 100,
        "time": 0.28055763244628906,
        "file": "N50_p100_4.lp"
    },
    "64": {
        "N": 100,
        "p": 50,
        "time": 0.6071779727935791,
        "file": "N100_p50_5.lp"
    },
    "65": {
        "N": 100,
        "p": 50,
        "time": 0.6051890850067139,
        "file": "N100_p50_4.lp"
    },