instance-name,LPMLN,plingo
10,2.8917999267578125,0.811851978302002*
50,3.266200065612793,0.8602349758148193*
100,4.534949779510498,1.0782999992370605*
200,10.231499671936035,1.8083900213241577*
300,22.94569969177246,3.4166100025177*
400,46.09260177612305,4.775839805603027*
500,91.46759796142578,7.3438801765441895*
600,148.03900146484375,10.387800216674805*
700,246.20399475097656,13.057299613952637*
800,744.7009887695312,16.23579978942871*
900,1200.0,211.00999450683594*
1000,1200.0,1200.0
