instance-name,plingo,plog,plog-dco
20_1,0.8791080117225647,0.19880500435829163*,0.4567849934101105
20_2,0.9460769891738892,0.3505440056324005*,0.8918880224227905
20_3,1.435230016708374,0.7402259707450867*,5.886139869689941
20_4,2.4650299549102783,1.7411500215530396*,33.512001037597656
20_5,4.686240196228027*,6.698269844055176,149.16099548339844
